<application>
  <component name="UISettings">
    <option name="compactTreeIndents" value="true" />
    <option name="EDITOR_TAB_LIMIT" value="100" />
    <option name="FULL_PATHS_IN_TITLE_BAR" value="true" />
    <option name="HIDE_KNOWN_EXTENSION_IN_TABS" value="true" />
    <option name="HIDE_TABS_IF_NEED" value="false" />
    <option name="MARK_MODIFIED_TABS_WITH_ASTERISK" value="true" />
    <option name="OPEN_IN_PREVIEW_TAB_IF_POSSIBLE" value="true" />
    <option name="OPEN_TABS_AT_THE_END" value="true" />
    <option name="PRESENTATION_MODE_FONT_SIZE" value="18" />
    <option name="SCROLL_TAB_LAYOUT_IN_EDITOR" value="false" />
    <option name="SHOW_MAIN_TOOLBAR" value="true" />
    <option name="SHOW_NAVIGATION_BAR" value="false" />
    <option name="smoothScrolling" value="false" />
    <option name="USE_SMALL_LABELS_ON_TABS" value="true" />
  </component>
</application>